Kevin,Harvick,Stewart Haas Racing,2020,Ford,Mustang,4,Busch Light,Yes,Bristol,Yes
Kevin,Harvick,Stewart Haas Racing,2020,Ford,Mustang,4,Busch Light,Yes,Bristol,Yes
Kevin,Harvick,Stewart Haas,2020,Ford,Mustang,4,Busch Light,Yes,Bristol,Yes
K,H,SHR,2020,Ford,M,4,BL,Yes,D,Yes
K,H,SHR,2020,Ford,M,4,BL,Yes,D,Yes
Tony,Stewart,JGR,1999,Pontiac,Grand Prix,20,Home Depot,No,,No
Mike,McGee,Big Horn Racing,2024,Ford,F-150,44,National Fire Rescue,Yes,Eldora,Yes
Ross,Chastain,Trackhouse Racing,2022,Chevrolet,Camaro,1,Moose Fraternity,Yes,Martinsville,No
Kyle,Larson,Hendrick Motorsports,2021,Chevrolet,Camaro,5,HendrickCars.com,Yes,Phoenix,Yes
Ross,Chastain,Trackhouse Racing,2023,Chevrolet,Camaro,1,WWEX,Yes,Nashville,Yes
Kevin,Harvick,SHR,2023,Ford,Mustang,29,Busch Light,No,,No
Test,Driver,Me,2012,Chevrolet,Impala,65,ME,No,,No
Test,Driver,Me,2012,Chevrolet,Impala,67,ME,No,,No
Kurt,Busch,Frontrow,2015,Chevrolet,SS,56,ME,Yes,Talladega,No
Jimmie,Johnson,Hendrick Motorsports,2005,Chevrolet,Monte Carlo,48,Lowe's,Yes,Las Vegas,Yes
Kurt,Busch,Stewart Haas Racing,2017,Ford,Fusion,41,Haas Automation,Yes,Daytona,Yes
Chase,Briscoe,Stewart Haas Racing,2022,Ford,Mustang,14,Mahindra Tractors,Yes,Phoenix,Yes
Patrick,McGee,Big Horn Racing,2008,Dodge,RAM 1500,4,Eagle Aviation,No,,No
